{
"effect_1": [10614,17.974365217649165,8,0.225,0.8042024781825421,151,10],
"effet_optimized_1": [10614,17.974365217649165,8,0.225,0.8042024781825421,151,10],
"names": ["总体延误", "排队长度", "周期内流量", "绿灯利用率", "信号合理性", "停驶车辆数","平均通过车辆数"]
}